Date,Close,Volume,MA_20,MA_50,MA_200,RSI,MACD,MACD_Signal,BB_Upper,BB_Middle,BB_Lower,BB_Position,BB_Width,Volatility_20
2025-12-18,0.2770000100135803,4240700.0,0.314300000667572,0.34206000089645383,0.4003200013935566,40.78212299804103,-0.011025354293702272,-0.00819222158049941,0.37514012009741615,0.314300000667572,0.2534598812377279,0.1934589297034253,0.3871467979676739,0.05285935817171799
2025-12-19,0.2770000100135803,6719600.0,0.3151500016450882,0.33760000109672544,0.39380500122904777,37.27810932622405,-0.013063462138008464,-0.009166469692001222,0.3732072670038641,0.3151500016450882,0.25709273628631235,0.17144515509167718,0.3684421072867903,0.04704294281919665
2025-12-22,0.2800000011920929,3787700.0,0.315250001847744,0.3350000011920929,0.3882550013065338,40.490798667707864,-0.01427208337913044,-0.010187592429427066,0.37304413465083086,0.315250001847744,0.2574558690446571,0.1950382422403236,0.3666558760624506,0.04454149717220207
2025-12-23,0.2709999978542328,3797400.0,0.3147000014781952,0.33228000104427335,0.3821600012481213,30.718941389910754,-0.01577431301232729,-0.011304936546007113,0.37401578274021163,0.3147000014781952,0.2553842202161788,0.1316325715164587,0.37696714956085736,0.04503459377047297
2025-12-24,0.27000001072883606,2200500.0,0.31320000141859056,0.3296400010585785,0.3768600010871887,21.89779973917517,-0.01685128035304223,-0.012414205307414137,0.3755221163300446,0.31320000141859056,0.2508778865071365,0.15341363373874486,0.3979700806460777,0.042368997407105286
2025-12-26,0.26499998569488525,3779300.0,0.31160000115633013,0.3268200010061264,0.37223500072956084,21.276584052200164,-0.0179018831970168,-0.01351174088533467,0.3772286529431812,0.31160000115633013,0.24597134936947906,0.1449720191358452,0.42123653108669334,0.04247096617482043
2025-12-29,0.25600001215934753,3514500.0,0.3089000016450882,0.3243600010871887,0.3674650005996227,21.58272270706405,-0.019238941625221884,-0.014657181033312114,0.3790904471280912,0.3089000016450882,0.23870955616208517,0.12316815969952306,0.45445416062929384,0.04133127907514405
2025-12-30,0.25999999046325684,2832600.0,0.30590000152587893,0.3221000009775162,0.3626650004088879,6.837574181085145,-0.019748160738458476,-0.015675376974341387,0.37915488431759203,0.30590000152587893,0.2326451187341658,0.1867102279507403,0.478946599714324,0.04062482568307019
2025-12-31,0.25099998712539673,2959800.0,0.3029000014066696,0.3198200005292893,0.35797000005841256,6.504033128569461,-0.02064002030155343,-0.016668305639783797,0.3800844305569701,0.3029000014066696,0.22571557225636912,0.16379219971810316,0.509636373666923,0.04080659274618355
2026-01-02,0.27799999713897705,3819800.0,0.30030000060796735,0.3183800005912781,0.35385999992489814,22.818784428942337,-0.018949709812278892,-0.01712458647428282,0.3771432737588225,0.30030000060796735,0.22345672745711223,0.3548994430181807,0.5117767099252972,0.04604713944287795
2026-01-05,0.29499998688697815,3955700.0,0.29769999980926515,0.31708000004291537,0.34993499964475633,37.22626451068925,-0.016053316830103248,-0.016910332545446907,0.37134240869748963,0.29769999980926515,0.22405759092104066,0.4816680838999637,0.49474241810820824,0.046742756584243435
2026-01-06,0.26899999380111694,3637900.0,0.2938500002026558,0.3151800000667572,0.346129999756813,37.49999178244472,-0.015675192810118643,-0.016663304598381255,0.3648645614724101,0.2938500002026558,0.22283543893290145,0.32503583802240116,0.4833388546590343,0.05010772646913553
2026-01-07,0.25999999046325684,2911800.0,0.2900999993085861,0.31296000003814695,0.3421799999475479,37.49999178244472,-0.015918256105628137,-0.016514294899830632,0.3598753115448016,0.2900999993085861,0.22032468707237057,0.2843076019249511,0.48104317409524644,0.05014490016603968
2026-01-08,0.27000001072883606,3806600.0,0.28554999977350237,0.3107200002670288,0.3385300000011921,43.57143480558982,-0.015129563269179136,-0.016237348573700332,0.3472606518671983,0.28554999977350237,0.22383934767980646,0.3740088743426613,0.43222309327714703,0.04716238814364061
2026-01-09,0.26899999380111694,3111500.0,0.2810999989509583,0.3075,0.33512500002980233,46.92307057465299,-0.014418998285919693,-0.015873678516144206,0.33284394402625767,0.2810999989509583,0.22935605387565888,0.3830780574206989,0.3681532925535644,0.04719960760648633
2026-01-12,0.27300000190734863,2756700.0,0.2767999991774559,0.30462000012397766,0.3320450000464916,48.50745969903214,-0.013378879794425313,-0.015374718771800428,0.31334908810892026,0.2767999991774559,0.24025091024599154,0.44801515740607245,0.2640830132953347,0.04749045777450595
2026-01-13,0.2680000066757202,2217000.0,0.2736999988555908,0.3018800002336502,0.32952999994158744,45.58823754991615,-0.012810366296268472,-0.014861848276694038,0.3004551021706909,0.2736999988555908,0.24694489554049076,0.3934784120857115,0.19550678426722645,0.04474017851843086
2026-01-14,0.2630000114440918,2199100.0,0.27169999927282334,0.2995200002193451,0.32733499988913534,46.969702100950855,-0.012617822676061652,-0.014413043156567561,0.2949886610455256,0.27169999927282334,0.2484113375001211,0.31321408860578615,0.17142923691595094,0.04146958252668811
2026-01-15,0.2639999985694885,2605300.0,0.2701999992132187,0.2977600002288818,0.32531999990344046,47.727268109144234,-0.01224340550861941,-0.013979115626977932,0.2911923205137963,0.2701999992132187,0.24920767791264112,0.35232694005213255,0.15538357780683962,0.041147781601622184
2026-01-16,0.26100000739097595,2393700.0,0.2688500002026558,0.2962800002098083,0.32336999982595444,48.46154639707021,-0.012049848271916408,-0.013593262155965628,0.2884489727637803,0.2688500002026558,0.24925102764153131,0.2997345833513056,0.14579856831951662,0.04101408889540998
2026-01-20,0.25,2974900.0,0.2674999997019768,0.2946000003814697,0.32185999989509584,47.727268109144234,-0.012638374123102536,-0.01340228454939301,0.2884109312004209,0.2674999997019768,0.24658906820353269,0.08155858089633905,0.1563434132466623,0.04119596361372558
2026-01-21,0.25099998712539673,27625900.0,0.2661999985575676,0.293299999833107,0.32040499985218046,46.51162683243842,-0.012875671767184294,-0.01329696199295127,0.2878440991335218,0.2661999985575676,0.2445558979816134,0.14886479392316432,0.16261533203031575,0.04122773645838238
2026-01-22,0.25600001215934753,4734600.0,0.2649999991059303,0.2921399998664856,0.3190949998795986,52.00000953674089,-0.012515995026737281,-0.013140768599708473,0.2860763932469971,0.2649999991059303,0.24392360496486354,0.28649130191946476,0.15906712612962504,0.04145072847270691
2026-01-23,0.26100000739097595,2795000.0,0.2644999995827675,0.29036000013351443,0.3178099998831749,41.74757899567346,-0.01169270457028293,-0.012851155793823364,0.2854511623981067,0.2644999995827675,0.2435488367674283,0.4164726029137375,0.15842089110312566,0.04119190965466018
2026-01-26,0.25600001215934753,1720200.0,0.26379999965429307,0.2890600001811981,0.3165150000154972,28.571447285598538,-0.011313286258828603,-0.012543581886824412,0.28491232070829825,0.26379999965429307,0.2426876786002879,0.3152740412815526,0.16006308629016405,0.04138818254977206
2026-01-27,0.26899999380111694,3058400.0,0.26400000005960467,0.28828000009059906,0.31510999992489813,50.0,-0.009850059288302127,-0.012004877367119957,0.28523561039866896,0.26400000005960467,0.24276438972054035,0.6177266313912926,0.16087583586568055,0.04279659190077921
2026-01-28,0.2639999985694885,1841600.0,0.2643999993801117,0.2873800003528595,0.3137449999153614,52.70270814505515,-0.00899026502174255,-0.011401954898044476,0.28529985155887794,0.2643999993801117,0.24350014720134552,0.4904305349338883,0.1580926794838586,0.042258696730038445
2026-01-29,0.24799999594688416,3132700.0,0.26379999965429307,0.286240000128746,0.31233999997377393,36.24998789280401,-0.009490537358044782,-0.011019671390044538,0.2858869960236334,0.26379999965429307,0.2417130032849528,0.14232339601093405,0.16745258831148638,0.044385405163454815
2026-01-30,0.22599999606609344,4295500.0,0.2625500001013279,0.28488000005483627,0.3101750000566244,28.712865298031446,-0.011529320092270035,-0.011121601130489638,0.28989176750990164,0.2625500001013279,0.23520823269275418,-0.16839139345054274,0.20827855568860423,0.048013747172039614
2026-02-02,0.24799999594688416,3855700.0,0.26105000004172324,0.28409999996423724,0.30846500016748907,39.49579211094683,-0.011240282983668082,-0.011145337501125327,0.2881131557015605,0.26105000004172324,0.233986844381886,0.25889722065550197,0.20734078265092343,0.046800844867225334
2026-02-03,0.24300000071525574,2614800.0,0.2584500007331371,0.28316000014543535,0.30699000023305417,39.49579211094683,-0.011284595034053824,-0.011173189007711026,0.28146930299367595,0.2584500007331371,0.2354306984725983,0.1644120694229997,0.17813350508988732,0.04424602494726281
2026-02-04,0.23000000417232513,2233500.0,0.25650000125169753,0.2825600004196167,0.3054850001633167,37.007866994304585,-0.012227749840099222,-0.011384101174188666,0.28220692968400957,0.25650000125169753,0.2307930728193855,-0.015425192650855924,0.20044388543364117,0.041570709882487004
2026-02-05,0.23000000417232513,5057000.0,0.25500000193715094,0.28160000056028367,0.30418000020086766,36.50793575705899,-0.012827341214179222,-0.011672749182186777,0.28322473639274376,0.25500000193715094,0.22677526748155813,0.05712607670128166,0.22137046463669657,0.041119995208517675
2026-02-06,0.24799999594688416,3051900.0,0.25390000119805334,0.2809200003743172,0.30305500023067,45.39006597516811,-0.011715029229357632,-0.011681205191620948,0.2813679501924502,0.25390000119805334,0.22643205220365645,0.3926020058437436,0.21636824627638068,0.04419759840091298
2026-02-09,0.2549999952316284,2388200.0,0.2532000012695789,0.2800200000405312,0.30218000017106533,51.8248162479693,-0.010151650617630598,-0.01137529427682288,0.27974576817007585,0.2532000012695789,0.22665423436908197,0.5339035969236928,0.20968220195413023,0.044756134623275046
2026-02-10,0.23999999463558197,14713200.0,0.2515500009059906,0.2788800001144409,0.3012250001728535,46.35761785463313,-0.01000767425294069,-0.011101770272046441,0.2769933099945618,0.2515500009059906,0.22610669181741944,0.2730246834206647,0.20229225996369493,0.04632420269346017
2026-02-11,0.2370000034570694,2440400.0,0.25000000074505807,0.27742000013589857,0.3002450001984835,43.6241557713969,-0.01002014022358702,-0.010885444262354558,0.27499692316007657,0.25000000074505807,0.22500307833003955,0.23996804342245598,0.199975378724175,0.04625712814115683
2026-02-12,0.2409999966621399,14580500.0,0.24890000000596046,0.2758400002121925,0.2994300001114607,43.2432369845354,-0.009596629600485629,-0.010627681329980774,0.2734198904555907,0.24890000000596046,0.22438010955633025,0.3389062267621242,0.19702603816024933,0.046391939129977626
2026-02-13,0.2409999966621399,37142400.0,0.24774999991059304,0.2744400003552437,0.2987100001424551,44.755237395384434,-0.009155455982950533,-0.010333236260574726,0.27143107818112955,0.24774999991059304,0.2240689216400565,0.3574810831808418,0.19116914856978764,0.046368913504467105
2026-02-17,0.25,29579800.0,0.24719999954104424,0.27284000009298326,0.2980750001221895,43.165468320016984,-0.007987522472369196,-0.009864093502933621,0.2700828534637367,0.24719999954104424,0.22431714561835173,0.5611811898204503,0.1851363589415631,0.04720739446524558
2026-02-18,0.24300000071525574,6638800.0,0.24684999957680703,0.2707600000500679,0.29751500017940996,42.553190814795656,-0.007539853454344991,-0.009399245493215896,0.2697666391550444,0.24684999957680703,0.2239333599985697,0.41599992554738613,0.18567259159428817,0.04666281451529484
2026-02-19,0.23999999463558197,4884400.0,0.24629999995231627,0.26864000022411344,0.2969800001382828,46.87499890860616,-0.007342508088125116,-0.00898789801219774,0.2693250157976826,0.24629999995231627,0.22327498410695,0.36319216110328606,0.186967241979894,0.0467250223461715
2026-02-20,0.2409999966621399,3874700.0,0.2455499991774559,0.26675999999046324,0.29650000005960464,57.00934748637553,-0.007024445225428305,-0.008595207454843854,0.26821910038113583,0.2455499991774559,0.22288089797377594,0.39964307639648766,0.1846393914039256,0.046482303376186744
2026-02-23,0.23600000143051147,2536900.0,0.24429999887943268,0.26425999999046323,0.29609500005841255,43.33333443712337,-0.007094060035520211,-0.008294977970979125,0.26612330075648627,0.24429999887943268,0.2224766970023791,0.3098363507117052,0.17865986063981815,0.04637308782577897
2026-02-24,0.23999999463558197,2168400.0,0.2434999980032444,0.26189999967813493,0.29587000004947184,48.31460279100512,-0.006748669787347034,-0.007985716334252707,0.2646810128172546,0.2434999980032444,0.22231898318923418,0.4173787611595613,0.17397137566898863,0.04645497618519325
2026-02-25,0.23999999463558197,3160600.0,0.24204999804496766,0.25951999962329864,0.2953949999809265,56.57894324067422,-0.006401156974250144,-0.007668804462252195,0.25952761281643144,0.24204999804496766,0.22457238327350387,0.4413534559437485,0.14441326100086826,0.044763701184655
2026-02-26,0.24300000071525574,2712600.0,0.240999998152256,0.25777999937534335,0.29509499996900557,58.22784786250337,-0.005816624718610497,-0.007298368513523857,0.25512737599637475,0.240999998152256,0.22687262030813724,0.570784634808658,0.11723965105753684,0.04479730109917094
2026-02-27,0.2370000034570694,1807500.0,0.24044999852776527,0.25645999938249586,0.2947549999505281,41.79104875950033,-0.005771003789989043,-0.0069928955688168945,0.2542833550050614,0.24044999852776527,0.22661664205046914,0.37530159161451027,0.11506222966933191,0.04306060146987846
2026-03-02,0.22599999606609344,3650700.0,0.24044999852776527,0.2550999993085861,0.29466499991714956,29.577463901934408,-0.006546987939323734,-0.006903714042918263,0.2542833550050614,0.24044999852776527,0.22661664205046914,-0.022288371784091442,0.11506222966933191,0.03943219688331735
2026-03-03,0.210999995470047,3728300.0,0.2385999985039234,0.2535599994659424,0.29442499987781046,29.577463901934408,-0.008276924423651494,-0.007178356119064909,0.257242443208395,0.2385999985039234,0.2199575537994518,-0.24024634299320846,0.156265254160637,0.03507079121966417
2026-03-04,0.21899999678134918,2530900.0,0.23739999830722808,0.25239999920129774,0.2942599998414516,38.15789112506504,-0.008899787098235717,-0.007522642314899072,0.25785183428361536,0.23739999830722808,0.21694816233084077,0.0501625979417535,0.17229853514927004,0.03634506153346264
2026-03-05,0.2199999988079071,1873900.0,0.2368999980390072,0.2512599989771843,0.29403499990701676,35.616442550523104,-0.009206590603575038,-0.007859431972634265,0.25856645836418796,0.2368999980390072,0.21523353771382642,0.10999630356189526,0.18291650911380117,0.0345023408516188
2026-03-06,0.2199999988079071,2112700.0,0.2363999977707863,0.2500599989295006,0.2939549998939037,35.616442550523104,-0.009342045308857128,-0.008155954639878837,0.25917033254706084,0.2363999977707863,0.21362966299451178,0.13988234859051954,0.19264242801180292,0.0345023408516188
2026-03-09,0.2150000035762787,1417000.0,0.234749998152256,0.24893999904394148,0.29389499992132184,24.637685854177676,-0.009740568753879186,-0.008472877462678908,0.2587314318117773,0.234749998152256,0.21076856449273468,0.08822323017923503,0.2043146653740739,0.029168762826843293
2026-03-10,0.21799999475479126,1329400.0,0.23289999812841417,0.2478999987244606,0.2939749998599291,30.769225478877487,-0.00970248305407062,-0.008718798580957251,0.2559962212971808,0.23289999812841417,0.2098037749596475,0.17743636557486214,0.1983359669761103,0.02843457713798299
2026-03-11,0.2199999988079071,1328000.0,0.2318999983370304,0.24699999898672104,0.29400499984622,34.37500218278744,-0.009402529740250437,-0.008855544812815887,0.2554296829820206,0.2318999983370304,0.2083703136920402,0.24712794266758306,0.20292958010972895,0.025918379667014782
2026-03-12,0.210999995470047,1924700.0,0.2305999979376793,0.24609999865293503,0.2941099998354912,29.166664941995165,-0.009778321230844544,-0.00904010009642162,0.25575977715805914,0.2305999979376793,0.20544021871729945,0.11048937878286376,0.21821144358534983,0.027156632118984517
2026-03-13,0.20999999344348907,1699700.0,0.22904999777674676,0.24509999871253968,0.294119999781251,30.882348107322542,-0.010041083144615548,-0.009240296706060405,0.25530770454019386,0.22904999777674676,0.20279229101329965,0.13724927494854844,0.22927489210491314,0.026647119004842925
2026-03-16,0.20600000023841858,1416100.0,0.2272999979555607,0.2441999989748001,0.2940999998152256,25.000005478367797,-0.010451610219973206,-0.009482559408842966,0.2548383691071535,0.2272999979555607,0.1997616268039679,0.11326692853600136,0.24230859128275775,0.02674208735338208
2026-03-17,0.2029999941587448,1759800.0,0.22494999766349794,0.24269999891519548,0.29411499977111816,23.94366522342294,-0.010893458297108055,-0.009764739186495983,0.25235329758515684,0.22494999766349794,0.19754669774183903,0.09950072495823085,0.24363903272985515,0.02459651757401578
2026-03-18,0.19900000095367432,1663700.0,0.22274999767541886,0.2407799991965294,0.2941099997609854,19.444443294663444,-0.01143458136766537,-0.010098707622729861,0.2511003202078206,0.22274999767541886,0.19439967514301718,0.08113357097435857,0.2545483531156979,0.024346861555031525
2026-03-19,0.1979999989271164,1550600.0,0.22064999788999556,0.2393599992990494,0.2941349997371435,20.895519732473005,-0.011808001811187407,-0.010440566460421371,0.2498302680902138,0.22064999788999556,0.19146972768977732,0.11189531818129342,0.2644937274349396,0.024359254854390493
2026-03-20,0.1979999989271164,1835300.0,0.2184999980032444,0.23811999946832657,0.2940999997407198,25.000000000000014,-0.011966003562537297,-0.010745653880844556,0.2477035263241743,0.2184999980032444,0.1892964696823145,0.1490150290943466,0.2673091861584023,0.024255744892961346
2026-03-23,0.20000000298023224,1071800.0,0.21669999808073043,0.2367199993133545,0.2941049997508526,37.20931038461979,-0.01179388491263364,-0.010955300087202373,0.24579953150763006,0.21669999808073043,0.1876004646538308,0.21305390269486768,0.2685697617409185,0.024482265722740107
2026-03-24,0.20100000500679016,1698800.0,0.21474999859929084,0.23535999953746795,0.294009999781847,25.00001034802905,-0.011444858630247134,-0.011053211795811327,0.2424695281027205,0.21474999859929084,0.18703046909586118,0.25198003287178034,0.25815627179725803,0.023983330272839484
2026-03-25,0.2070000022649765,1128000.0,0.21309999898076057,0.23403999954462051,0.2939849998056889,34.146343236307374,-0.010562346990912436,-0.01095503883483155,0.23830575717447816,0.21309999898076057,0.18789424078704298,0.3789959685222946,0.23656272467643943,0.025428652966669
2026-03-26,0.19300000369548798,1966000.0,0.21059999912977218,0.23253999948501586,0.29390499979257584,25.454546439746338,-0.010867360868875353,-0.01093750324164031,0.23309125305942183,0.21059999912977218,0.18810874520012252,0.10873690081186248,0.21359215595998643,0.02833230154373124
2026-03-27,0.18199999630451202,2224100.0,0.20784999877214433,0.23091999918222428,0.2937499997764826,22.95081566751945,-0.011859980754663435,-0.011121998744244936,0.23019922828761588,0.20784999877214433,0.18550076925667278,-0.07831976824385144,0.2150515241520103,0.03002058835961384
2026-03-30,0.1860000044107437,1404400.0,0.20584999918937683,0.22935999929904938,0.2935799998044968,24.1935650559238,-0.01218342895579902,-0.011334284786555753,0.22851724042548877,0.20584999918937683,0.18318275795326489,0.06214356718872737,0.2202306662654747,0.029870441806525476
2026-03-31,0.19900000095367432,1869400.0,0.2052499994635582,0.22811999917030334,0.2934849998354912,35.616442550523104,-0.011260963532115337,-0.01131962053566767,0.22797845689011723,0.2052499994635582,0.1825215420369992,0.36250719983793217,0.22147096210438155,0.03164546782866191
2026-04-01,0.20200000703334808,1735200.0,0.20439999997615815,0.2271599993109703,0.2934799998998642,43.283592379948374,-0.010170587418518923,-0.011089813912237921,0.22621654720996423,0.20439999997615815,0.18258345274235208,0.4449960409158803,0.21346915104061473,0.030503861544568744
2026-04-02,0.19599999487400055,919600.0,0.20319999977946282,0.22605999946594238,0.2934399998933077,40.2777823768999,-0.009679033457119068,-0.01080765782121415,0.22402113451516703,0.20319999977946282,0.1823788650437586,0.3270986428728196,0.2049324287234431,0.03098050129375139
2026-04-06,0.22200000286102295,6576400.0,0.20329999998211862,0.2253799992799759,0.2935749999433756,58.51063593689266,-0.007109535745295492,-0.01006803340603042,0.22447704064405816,0.20329999998211862,0.18212295932017908,0.9415159600772958,0.2083329135642123,0.043745343294726895
2026-04-07,0.23499999940395355,6451600.0,0.20429999977350236,0.22485999912023544,0.29372499994933604,65.38461318030227,-0.003978339400752151,-0.008850094604974766,0.22933983490301313,0.20429999977350236,0.17926016464399158,1.1130231982691774,0.24512809747695782,0.04514606272278597
2026-04-08,0.23800000548362732,3671300.0,0.20530000030994416,0.22449999898672104,0.2939649999886751,68.93203279527144,-0.00124046896604188,-0.007328169477188189,0.2339768528187947,0.20530000030994416,0.17662314780109362,1.0701463430059304,0.2793653430643616,0.0451349955152981
2026-04-09,0.24199999868869781,1881200.0,0.2064000003039837,0.22395999908447264,0.29421999998390674,70.75470981966508,0.0012378103933639861,-0.0056149735030777545,0.23888584760951193,0.2064000003039837,0.17391415299845547,1.0479308889483074,0.3147853416442192,0.04520136942849047
2026-04-10,0.23499999940395355,2078500.0,0.207600000500679,0.22337999910116196,0.2944249999523163,66.37167651461685,0.002606971653450335,-0.003970584471772137,0.24248573515270958,0.207600000500679,0.17271426584864844,0.8927106477271748,0.33608607483521147,0.04462653330855507
2026-04-13,0.24699999392032623,25977900.0,0.20945000052452087,0.2233599990606308,0.2947199999541044,69.10568337437815,0.004607231785554,-0.0022550212203069097,0.24854224852175688,0.20945000052452087,0.17035775252728486,0.9802741632875693,0.3732847734479655,0.045632007724781265
2026-04-14,0.24899999797344208,4796200.0,0.21160000041127205,0.22381999909877778,0.2949899999797344,69.35483153820446,0.006281427576646681,-0.0005477314609161916,0.2544432105468215,0.21160000041127205,0.16875679027572257,0.9364752015995309,0.4049452745962016,0.0451516709639257
2026-04-15,0.24400000274181366,2313600.0,0.21365000084042549,0.22373999923467636,0.295274999961257,65.0406474516839,0.0071226761970407115,0.0009863500706751892,0.25863085786374873,0.21365000084042549,0.16866914381710224,0.8373657585675974,0.4210705064019102,0.04532913379623447
2026-04-16,0.2529999911785126,3087300.0,0.2163500003516674,0.2239399990439415,0.2955799999088049,75.42372014511709,0.008418551815410402,0.002472790419622232,0.26403000258969855,0.2163500003516674,0.16866999811363628,0.8843329394562394,0.4407672952209789,0.04513071508743972
2026-04-17,0.27300000190734863,5375200.0,0.22010000050067902,0.22479999899864198,0.29599499993026257,85.82676851237271,0.01093334351967662,0.00416490103963311,0.27319339887161004,0.22010000050067902,0.16700660212974802,0.9981787098754702,0.48244796229127873,0.04722856455889771
2026-04-20,0.3089999854564667,10476500.0,0.22564999982714654,0.22637999862432479,0.29657499983906743,88.67924068553216,0.015650818972582026,0.006462084626222893,0.2908437433437863,0.22564999982714654,0.16045625631050675,1.139248347566099,0.5778306542572994,0.05348774294525365
2026-04-21,0.2980000078678131,8161600.0,0.23055000007152557,0.22737999886274338,0.29706999987363814,81.52866955388573,0.018290998748013265,0.008827867450580968,0.3020526186430822,0.23055000007152557,0.15904738149996892,0.9716611023747794,0.6202786254554218,0.055057562642909334
2026-04-22,0.3199999928474426,6301200.0,0.2364999994635582,0.22867999881505965,0.2976299998164177,83.52273193896245,0.021906055792688922,0.01144350511900256,0.31690033376643223,0.2364999994635582,0.1560996651606842,1.0192764066709832,0.6799182620316474,0.0561108006257122
2026-04-23,0.3050000071525574,3467300.0,0.24139999970793724,0.22997999906539918,0.2981249998509884,79.45947426266409,0.023292143726188264,0.013813232840439702,0.3260625702132162,0.24139999970793724,0.15673742920265826,0.8756087670445494,0.7014297481997492,0.05833832102063821
2026-04-24,0.3019999861717224,3370200.0,0.24684999883174896,0.23127999871969224,0.29855999976396563,74.69136188568561,0.023873354607510777,0.015825257193853918,0.33242245560055456,0.24684999883174896,0.16127754206294337,0.8222414630970237,0.6933154318313861,0.05504841320707723
2026-04-27,0.29499998688697815,3261800.0,0.2524999983608723,0.23235999852418898,0.29898499973118303,69.23077216985534,0.023498253735604213,0.01735985650220398,0.3349072209314471,0.2524999983608723,0.17009277579029747,0.7578656773058224,0.6527304800437951,0.05290657486562413
2026-04-28,0.3070000112056732,1502300.0,0.25854999870061873,0.23367999881505966,0.2994999998062849,70.90909747709736,0.023893851815965317,0.01866665556495625,0.3381185275206968,0.25854999870061873,0.17898146988054062,0.8044546205863037,0.6154981954744654,0.053002187961165986
2026-04-29,0.29100000858306885,2091100.0,0.26314999908208847,0.23449999898672103,0.2999449998140335,63.84181295133372,0.022655145238764496,0.0194643534997179,0.338761982311792,0.26314999908208847,0.18753801585238494,0.6841639930034248,0.5746683145996645,0.05475579887274775
2026-04-30,0.2980000078678131,1137500.0,0.26794999912381173,0.2355999991297722,0.30043499983847144,67.79661544903814,0.021984874840723367,0.019968457767918994,0.33928459782197273,0.26794999912381173,0.19661540042565076,0.7106271661466294,0.5324470903632986,0.0547453540698433
2026-05-01,0.2930000126361847,1610000.0,0.27280000001192095,0.23665999948978425,0.3008999998867512,63.529419498873864,0.02081033431277518,0.020136833076890234,0.33629673595328424,0.27280000001192095,0.2093032640705577,0.6590633937697021,0.4655185919251361,0.05418880073457602
2026-05-04,0.2919999957084656,1400500.0,0.2762999996542931,0.23767999947071075,0.30143999986350534,62.721893960682266,0.019573182015302282,0.020024102864572645,0.33558382842721457,0.2762999996542931,0.2170161708813716,0.6324138165426963,0.42912652078970315,0.04766757173241712
2026-05-05,0.2759999930858612,2970100.0,0.27834999933838844,0.23847999930381775,0.30193499982357025,58.88888658932687,0.017104493458894365,0.01944018098343699,0.3343661035838526,0.27834999933838844,0.22233389509292428,0.47902383355481626,0.4024868286589483,0.04891859637466188
2026-05-06,0.2540000081062317,3163700.0,0.2791499994695187,0.23875999957323074,0.30225499987602233,50.25907175797425,0.013220428198844891,0.01819623042651857,0.3331608536519211,0.2791499994695187,0.22513914528711626,0.26717650790754155,0.3869665361636517,0.05277939037927814
2026-05-07,0.2669999897480011,3371300.0,0.2803999990224838,0.2392999994754791,0.30269999980926515,48.38709315615154,0.011063732548305172,0.01676973085087589,0.3318890248449776,0.2803999990224838,0.22891097319999001,0.36987509415425074,0.3672541084307577,0.05375024330600914
2026-05-08,0.25699999928474426,3708400.0,0.28149999901652334,0.2395799994468689,0.30307999983429906,33.750000931322774,0.008450211274621866,0.015105826935625087,0.3297428473619861,0.28149999901652334,0.23325715067106056,0.2460763556461598,0.3427555844689793,0.054076957125411454
2026-05-11,0.25600001215934753,2150800.0,0.2819499999284744,0.23995999962091447,0.30345499992370606,35.99999920527128,0.006226510890369685,0.013329963726574008,0.3289907838906644,0.2819499999284744,0.23490921596628445,0.22417564522325206,0.33368174480669166,0.05304462381563358
2026-05-12,0.2540000081062317,1582500.0,0.2822000004351139,0.24051999986171724,0.3038199999928474,24.615389553047677,0.004253793617668589,0.011514729704792925,0.32855155715431694,0.2822000004351139,0.23584844371591085,0.19580317981856266,0.3285014645480884,0.05308495186084708
2026-05-13,0.24500000476837158,2288900.0,0.2822500005364418,0.24120000004768372,0.3041499999910593,25.806453163492165,0.0019417921421029383,0.009600142192254928,0.3284298940936284,0.2822500005364418,0.23607010697925518,0.09668599363549979,0.3272268802084501,0.053534720898920314
2026-05-14,0.2329999953508377,2917700.0,0.28125000074505807,0.2414800000190735,0.3044699999690056,24.060154082486775,-0.0008489994192643069,0.007510313869951081,0.3308372808930349,0.28125000074505807,0.23166272059708123,0.013484050241975559,0.35262065789593167,0.05399142498816765
2026-05-15,0.22100000083446503,3451300.0,0.2786500006914139,0.24150000005960465,0.3048249999433756,23.188410178875486,-0.003983106337091591,0.005211629828542547,0.3350444147058886,0.2786500006914139,0.22225558667693918,-0.011132182720720172,0.40476880584635433,0.051409971275681796
2026-05-18,0.2290000021457672,1438100.0,0.27465000152587893,0.24168000012636184,0.30486999996006486,20.89551325947842,-0.00575503494204227,0.0030182968744255838,0.33328458462309285,0.27465000152587893,0.21601541842866503,0.11072461874227221,0.42697675420685594,0.040976934457681025
2026-05-19,0.21899999678134918,1806100.0,0.2707000009715557,0.24175999999046327,0.3051699999719858,21.874990177455388,-0.007875434875936727,0.0008395505243531216,0.33322615252875804,0.2707000009715557,0.2081738494143534,0.08657295465475297,0.46195900504464615,0.04123894308974468
2026-05-20,0.21299999952316284,1532500.0,0.2653500013053417,0.2416600000858307,0.3051249999552965,16.535423000639227,-0.009925600589744288,-0.0013134796984663605,0.3284231739750178,0.2653500013053417,0.2022768286356656,0.08500579908716611,0.4753960607454227,0.035666604673332714
2026-05-21,0.22499999403953552,1888200.0,0.2613500006496906,0.24175999999046327,0.3053049999475479,24.626853721499018,-0.010461479001367263,-0.003143079559046541,0.32398103263081285,0.2613500006496906,0.19871896866856836,0.20980833733418747,0.4792885542408847,0.03882951938408909
2026-05-22,0.22499999403953552,1036000.0,0.2575000010430813,0.24203999996185302,0.3053499998897314,24.812021230016185,-0.01076210762584262,-0.004666885172405757,0.319067287318361,0.2575000010430813,0.1959327147678016,0.23606107261060913,0.4781925128223911,0.03895214043894047
2026-05-26,0.22200000286102295,1259000.0,0.2538500018417835,0.2422800001502037,0.3055399999022484,27.499993791180003,-0.011114313307397344,-0.005956370799404075,0.3147080282744268,0.2538500018417835,0.19299197540914026,0.2383254038313938,0.4794802126538813,0.03889065426166679
2026-05-27,0.21899999678134918,1121900.0,0.2494500011205673,0.24254000008106233,0.3057549998909235,32.67325593284029,-0.011502915812892561,-0.007065679802101773,0.30674879561807095,0.2494500011205673,0.19215120662306368,0.23428756567867445,0.4594010362005111,0.03675439514110954
2026-05-28,0.2370000034570694,2371200.0,0.24675000086426735,0.2432200002670288,0.30606499992311,35.849061908566185,-0.010240391137221472,-0.007700622069125713,0.30080216005133376,0.24675000086426735,0.19269784167720094,0.4098093623470741,0.4381127375703598,0.041756965240932475
2026-05-29,0.23399999737739563,1449900.0,0.24355000033974647,0.24392000019550322,0.30636999994516373,38.38383823180125,-0.009373850737997624,-0.008035267802900096,0.2921275994434988,0.24355000033974647,0.19497240123599413,0.40170363358269434,0.39891274100585294,0.04100980160098115
2026-06-01,0.2280000001192093,1882700.0,0.2402999997138977,0.24452000021934509,0.3065599999576807,36.53845795645223,-0.009066745069879867,-0.00824156325629605,0.28332806546112516,0.2402999997138977,0.19727193396667025,0.35707003811249666,0.3581195655302278,0.041120739536327645
2026-06-02,0.2290000021457672,2087800.0,0.23715000003576278,0.2451400002837181,0.30662999995052814,37.86407654624119,-0.008643038244365575,-0.008321858253909957,0.2728403908968234,0.23715000003576278,0.20145960917470218,0.3858236391733176,0.3009942302819178,0.04123991386003187
2026-06-03,0.23100000619888306,1334300.0,0.23490000069141387,0.24576000034809112,0.3065900000184774,42.70833527358838,-0.008053033562083145,-0.008268093315544595,0.26560340191707565,0.23490000069141387,0.20419659946575208,0.4364892106925403,0.26141678276107444,0.04014344771427516
2026-06-04,0.23000000417232513,886400.0,0.23370000049471856,0.24634000033140183,0.30676000006496906,48.23529948000212,-0.007578778960566357,-0.008130230444548948,0.2631089829952621,0.23370000049471856,0.204291017994175,0.43709411193799325,0.2516814928394333,0.03643325274828468
2026-06-05,0.2240000069141388,1430700.0,0.23155000135302545,0.24668000042438507,0.3069150000810623,51.89873775865064,-0.007599476373585851,-0.00802407963035633,0.2566852978218898,0.23155000135302545,0.20641470488416108,0.3498129025802621,0.21710469723161543,0.03426964682465421
2026-06-08,0.21699999272823334,1493500.0,0.2295500010251999,0.24716000020503998,0.30709000006318093,42.30768863383713,-0.008087494266153877,-0.00803676255751584,0.25242250895777785,0.2295500010251999,0.20667749309262196,0.22565299061299615,0.19928127057657483,0.03401803477735051
2026-06-09,0.21299999952316284,1726900.0,0.22740000039339064,0.247780000269413,0.307255000025034,45.83333592034006,-0.008696767067104205,-0.008168763459433515,0.24774864368095287,0.22740000039339064,0.20705135710582842,0.14616803521663854,0.17896783863113533,0.03408358256542635
2026-06-10,0.2029999941587448,1118800.0,0.22484999969601632,0.24812000006437301,0.3072800000011921,43.42105082569077,-0.009872730321225626,-0.008509556831791937,0.2439043232567653,0.22484999969601632,0.20579567613526734,-0.07336082982975836,0.16948475505011595,0.035142400033406025
2026-06-11,0.2029999941587448,1105300.0,0.22274999916553498,0.2481999999284744,0.30734999999403956,32.81250691215699,-0.010681559305836724,-0.008943957326600895,0.24171128611540565,0.22274999916553498,0.2037887122156643,-0.020798115101698572,0.1702472459789303,0.03471332950272861
2026-06-12,0.19099999964237213,3271300.0,0.2206499993801117,0.2479799997806549,0.30736999996006487,27.631588492777354,-0.012150794576500923,-0.0095853247765809,0.24369489596916472,0.2206499993801117,0.1976051027910587,-0.14330945515772414,0.20888190939310886,0.03539795365640968
2026-06-15,0.20200000703334808,1721200.0,0.21969999969005585,0.24810000002384186,0.3074149999767542,38.09524569786809,-0.01228594077074402,-0.010125447975413523,0.2442044319620879,0.21969999969005585,0.1951955674180238,0.13884099700384572,0.2230717551807187,0.03692522497074482
2026-06-16,0.20399999618530273,2367400.0,0.21844999939203263,0.24773999989032747,0.3074599999934435,40.963857152115864,-0.012092270525955268,-0.010518812485521873,0.24350139605084567,0.21844999939203263,0.1933986027332196,0.21159286239543024,0.22935588673411292,0.03587751760901845
2026-06-17,0.19699999690055847,1627400.0,0.2173499993979931,0.24697999984025956,0.30751999996602536,22.222222222222214,-0.012361135427813114,-0.010887277073980123,0.24416935361999542,0.2173499993979931,0.19053064517599078,0.12060975948593695,0.24678494866607265,0.03540699045737982
2026-06-18,0.210999995470047,1540000.0,0.2172499991953373,0.24643999963998794,0.307694999948144,36.14457788064566,-0.011314107924548095,-0.010972643244093718,0.24415243271614404,0.2172499991953373,0.19034756567453057,0.38383943555781935,0.24766337049895948,0.038769759704722524
2026-06-22,0.2029999941587448,1668600.0,0.21614999920129777,0.24565999954938889,0.3076749999076128,35.29411558461457,-0.011003028271044935,-0.010978720249483962,0.24351332324580288,0.21614999920129777,0.18878667515679265,0.2597147733008404,0.25318828725992265,0.03729075198149625
2026-06-23,0.19699999690055847,1231500.0,0.2147499993443489,0.24489999949932098,0.30764999985694885,32.22222001464287,-0.01111254652013799,-0.011005485503614767,0.24305573551463971,0.2147499993443489,0.1864442631740581,0.1864592685912808,0.26361570436983256,0.03768728528551479
2026-06-24,0.1899999976158142,1723400.0,0.21314999908208848,0.24375999957323075,0.30756499983370306,28.42104784339412,-0.011630117210715996,-0.011130411845035012,0.24328852083370153,0.21314999908208848,0.18301147733047543,0.11593999770351616,0.2827916667267362,0.03823872673859138
2026-06-25,0.1860000044107437,1689200.0,0.21149999946355819,0.24249999970197678,0.3074699998646975,27.551018235982113,-0.012222172141793108,-0.011348763904386631,0.24382408077937168,0.21149999946355819,0.1791759181477447,0.10555731184323805,0.3056650723196147,0.038342596757799115
2026-06-26,0.19499999284744263,968400.0,0.20939999893307687,0.24151999950408937,0.30729499980807307,35.6435547154512,-0.011828801034247438,-0.011444771330358792,0.24016847075427863,0.20939999893307687,0.1786315271118751,0.26599412916387405,0.2938727027504447,0.03476087799968579
2026-06-29,0.20499999821186066,2241700.0,0.2079499989748001,0.24055999964475633,0.30728999979794025,44.23077033292641,-0.01058808192052732,-0.011273433448392498,0.236489794503394,0.2079499989748001,0.1794102034462062,0.4483177663276556,0.2744870946794515,0.03726990109460554
2026-06-30,0.19699999690055847,1127200.0,0.20639999881386756,0.23903999954462052,0.30700499974191187,42.59259003752334,-0.01013352338138579,-0.011045451434991157,0.2336949555544348,0.20639999881386756,0.1791050420733003,0.3278069827577655,0.26448601644791647,0.03775915570183308
2026-07-01,0.19900000095367432,1096100.0,0.20489999875426293,0.23683999985456466,0.30604999981820585,48.00000298023286,-0.00950236154299064,-0.010736833456591054,0.2301891454410264,0.20489999875426293,0.17961085206749947,0.3833492115477997,0.2468437954174202,0.03786939382325498
2026-07-02,0.1940000057220459,1265500.0,0.20304999873042107,0.23475999981164933,0.30206999979913235,45.714290174498316,-0.009298432525198491,-0.010449153270312542,0.2255606695263048,0.20304999873042107,0.18053932793453734,0.29898437744400674,0.22172539706114433,0.037917710055704254
2026-07-06,0.1889999955892563,1245700.0,0.20099999830126764,0.2321399998664856,0.2986899997293949,48.979589664553544,-0.009431555242362277,-0.01024563366472249,0.22043419866700958,0.20099999830126764,0.18156579793552569,0.19126584870544483,0.19337512965162432,0.03811069397612468
2026-07-07,0.1770000010728836,1207800.0,0.19864999800920485,0.22957999974489213,0.29147499971091745,37.3737314442871,-0.010385636076291088,-0.01027363414703621,0.21773743188441153,0.19864999800920485,0.17956256413399818,-0.06712696630329071,0.19217149827831578,0.03986622786199347
2026-07-08,0.17599999904632568,1806900.0,0.1965999983251095,0.2270600000023842,0.2865049999207258,35.71428571428572,-0.011094552719507267,-0.010437817861530422,0.21618956751263238,0.1965999983251095,0.1770104291375866,-0.02579000287317425,0.19928351326970417,0.03959041876000115
2026-07-09,0.18000000715255737,763600.0,0.1949499987065792,0.22476000040769578,0.28281999997794627,41.052636862461654,-0.011204449127005661,-0.01059114411462547,0.2142807377530613,0.1949499987065792,0.1756192596600971,0.11331039858141151,0.19831484149509496,0.04017679842684161
2026-07-10,0.18000000715255737,646600.0,0.19379999935626985,0.22222000032663344,0.28085000000894067,30.864204798615404,-0.011162864271034245,-0.010705488145907226,0.21383795199361397,0.19379999935626985,0.17376204671892573,0.15565363753795258,0.2067900175841342,0.039115494156951904
2026-07-13,0.17299999296665192,636700.0,0.1922999992966652,0.2198600000143051,0.27971499994397164,31.250002328306053,-0.01156147710502023,-0.010876685937729828,0.21387102372603348,0.1922999992966652,0.1707289748672969,0.052640478591806907,0.2243476287910976,0.03980022371033208
2026-07-14,0.17900000512599945,729000.0,0.19169999957084655,0.21747999995946884,0.27725999988615513,38.75000908039192,-0.011263392433978447,-0.010954027236979552,0.21407582324104749,0.19169999957084655,0.1693241759006456,0.21621168829283488,0.2334462568627342,0.03887865501766925
2026-07-15,0.19099999964237213,901400.0,0.19114999920129777,0.2154399996995926,0.27408999994397165,50.58823632533959,-0.009944228044431874,-0.010752067398470016,0.2129942704793665,0.19114999920129777,0.16930572792322904,0.4965666156353717,0.22855633135592945,0.0396963237987763
2026-07-16,0.18299999833106995,551000.0,0.19009999930858612,0.21325999975204468,0.27105499982833864,48.314603919740705,-0.009435546897461594,-0.010488763298268332,0.211354437793273,0.19009999930858612,0.16884556082389923,0.3329760397426757,0.22361324105198882,0.04055510222885627
2026-07-17,0.1850000023841858,668900.0,0.18949999958276748,0.21143999993801116,0.2683399999141693,43.90244833207037,-0.008769935454458977,-0.010144997729506462,0.21061132353902465,0.18949999958276748,0.1683886756265103,0.3934221935131659,0.2228108074167718,0.04007194903278441
2026-07-20,0.18700000643730164,657100.0,0.1883000001311302,0.21009999990463257,0.26672499999403954,37.83785089947582,-0.007988958240411126,-0.009713789831687396,0.20683712172153573,0.1883000001311302,0.1697628785407247,0.46493539497250125,0.1968892360859953,0.03635166448564089
2026-07-21,0.1940000057220459,1309400.0,0.18785000070929528,0.20864000022411347,0.2654050000011921,47.945212749670844,-0.0067276347452611684,-0.009116558814402152,0.20528902781169078,0.18785000070929528,0.17041097360689977,0.6763287876278897,0.18566970494062476,0.03670664324655315
2026-07-22,0.21199999749660492,35367700.0,0.1886000007390976,0.20774000018835068,0.264100000038743,57.30336627158512,-0.004226853349720006,-0.008138617721465723,0.20877198928197566,0.1886000007390976,0.16842801219621956,1.0800121467392205,0.21391292114344418,0.041666007583004434
2026-07-23,0.18299999833106995,7089900.0,0.18825000077486037,0.20627999991178514,0.2628150000423193,45.13274161236316,-0.004532772664427365,-0.0074174487100580515,0.20856213541432114,0.18825000077486037,0.1679378661353996,0.37076684610018423,0.21579957031451266,0.05172361003517578
2026-07-24,0.17599999904632568,2550200.0,0.18775000050663948,0.204719999730587,0.2615650000423193,44.34782879113643,-0.005279202011605866,-0.006989799370367615,0.2087751404361786,0.18775000050663948,0.16672486057710037,0.22057257407819383,0.22396953259976785,0.05222258258642545
2026-07-27,0.18000000715255737,2049300.0,0.18700000122189522,0.20341999977827072,0.2604900000244379,51.40187150162291,-0.0054847605171704505,-0.006688791599728182,0.2080063583927531,0.18700000122189522,0.16599364405103734,0.3333839129649538,0.22466692014543496,0.05124016641058006
2026-07-28,0.17599999904632568,2026200.0,0.18555000126361848,0.20227999985218048,0.2595549999922514,50.0,-0.0059023952007490055,-0.006531512319932347,0.20529025458811284,0.18555000126361848,0.16580974793912412,0.2581084178529047,0.2127755665864812,0.04977852291314485
2026-07-29,0.17399999499320984,1606700.0,0.18440000116825103,0.20133999973535538,0.25792499996721746,47.22221762310011,-0.006321882581570487,-0.006489586372259976,0.2040110552297406,0.18440000116825103,0.16478894710676145,0.23484326384414522,0.21270123576188027,0.04920508063316142
2026-07-30,0.17900000512599945,906900.0,0.1834000013768673,0.20033999979496003,0.25677000001072886,49.55752142370642,-0.006179635332799915,-0.006427596164367964,0.20188367165813034,0.1834000013768673,0.16491633109560425,0.38097612151932475,0.20156674092145824,0.04967960141798211
2026-07-31,0.17499999701976776,865500.0,0.1824500009417534,0.1994599997997284,0.25560999996960165,50.909092386891416,-0.0063168538291855925,-0.00640544769733149,0.20058962771878375,0.1824500009417534,0.16431037416472305,0.29464836808496664,0.19884490746395084,0.04962148554761562
2026-08-03,0.1860000044107437,1080800.0,0.18230000138282776,0.19891999989748002,0.2545299999415874,53.04347690877978,-0.005474880792838005,-0.006219334316432793,0.2002603019344491,0.18230000138282776,0.16433970083120641,0.6030050420726936,0.19704114553356403,0.051491401224175844
2026-08-04,0.18299999833106995,1712600.0,0.18260000124573708,0.1980799999833107,0.25341499999165534,46.226416287917296,-0.004992140228917558,-0.005973895498929746,0.20038715731334023,0.18260000124573708,0.16481284517813394,0.5112439864982521,0.19482098517256605,0.049442201741390794
2026-08-05,0.1770000010728836,535400.0,0.18265000134706497,0.19712000012397765,0.25240499995648863,47.115387233006054,-0.005035666460357524,-0.005786249691215302,0.20036451426323978,0.18265000134706497,0.16493548843089015,0.3405262312060965,0.19397221774462883,0.050056572173715265
2026-08-06,0.17800000309944153,1626000.0,0.18255000114440917,0.19624000012874604,0.2514299999922514,46.60194357352259,-0.004932609454833148,-0.005615521643938871,0.20034987613502447,0.18255000114440917,0.16475012615379386,0.37219016854425796,0.1950136935527535,0.04982056654707702
2026-08-07,0.1809999942779541,1149600.0,0.182600000500679,0.19548000007867813,0.25050999991595746,47.11537965568012,-0.0045563391775200746,-0.005403685150655113,0.20037531700064004,0.182600000500679,0.16482468400071798,0.4549935939894961,0.19469130833759152,0.049951376177808385
2026-08-10,0.19300000369548798,3505300.0,0.18360000103712082,0.1946000000834465,0.24972499996423722,49.541283651149456,-0.0032523507254912376,-0.004973418265622338,0.201351613651814,0.18360000103712082,0.16584838842242763,0.7647647529945162,0.19337268534224147,0.05100244249651537
2026-08-11,0.19200000166893005,748600.0,0.18425000086426735,0.1937600001692772,0.24888499990105628,39.13044323316789,-0.002273415766897824,-0.0044334177658774355,0.2022427998168763,0.18425000086426735,0.1662572019116584,0.7153639582444998,0.1953085358828716,0.050631029758966044
2026-08-12,0.19200000166893005,763100.0,0.18430000096559523,0.1930400002002716,0.24802499994635582,57.14285376391188,-0.0014805360612545615,-0.003842841424952861,0.2023771391646469,0.18430000096559523,0.16622286276654358,0.7129762083618625,0.19617078789300996,0.048463503957922434
2026-08-13,0.19699999690055847,1090000.0,0.18500000089406968,0.19240000009536742,0.24715499997138976,67.2130991361242,-0.0004436017883699406,-0.003162993497636277,0.20392933645583314,0.18500000089406968,0.16607066533230622,0.8169682308006714,0.20464146454358484,0.04764320784711494
2026-08-14,0.19900000095367432,1209400.0,0.1857000008225441,0.19175999999046325,0.24623999997973442,66.10167736434525,0.0005334108773964175,-0.0024237126226297383,0.2056378980431004,0.1857000008225441,0.1657621036019878,0.8335356779103491,0.2147323331420883,0.04763826747080281
2026-08-17,0.19200000166893005,850900.0,0.18595000058412553,0.19099999994039535,0.24504999995231627,62.903220379392955,0.0007343933833887928,-0.001792091421426032,0.2060809863363075,0.18595000058412553,0.16581901483194356,0.6502658925718223,0.21652041612201584,0.04843418287114159
2026-08-18,0.19200000166893005,2063700.0,0.18585000038146973,0.19035999983549118,0.2439249999821186,64.99999751647447,0.0008834891543698375,-0.0012569753062668582,0.20583193284969675,0.18585000038146973,0.1658680679132427,0.653889051953292,0.2150329020953753,0.047729893550104124
2026-08-19,0.1899999976158142,1000800.0,0.1847500003874302,0.1898199999332428,0.2428499999642372,59.6491117997013,0.0008306893450110431,-0.0008394423760112779,0.2006825479932685,0.1847500003874302,0.16881745278159188,0.6647569917337076,0.17247683434291688,0.04253433944460206
2026-08-20,0.19099999964237213,1219400.0,0.1851500004529953,0.18937999993562699,0.24189999990165234,64.8148117487334,0.0008596276691988369,-0.000499628366969255,0.20129779697977862,0.1851500004529953,0.16900220392621196,0.6811392402571402,0.17442934363786655,0.028999494676670838
2026-08-21,0.19499999284744263,739600.0,0.18610000014305114,0.18921999990940094,0.24111499987542628,59.57445459378964,0.001191591595742475,-0.000161384374426909,0.20221680187851607,0.18610000014305114,0.16998319840758622,0.7761091453029141,0.17320582184928834,0.027604841412510073
2026-08-24,0.1979999989271164,1680300.0,0.1869999997317791,0.18912000000476836,0.24042999982833863,65.95744545937896,0.0016774146260769285,0.0002063754256738585,0.20368291717010273,0.1869999997317791,0.1703170822934555,0.8296785240352607,0.17842692472997362,0.027411747686866002
2026-08-25,0.19699999690055847,961900.0,0.18804999962449073,0.1892399999499321,0.23974499985575676,73.80951282794521,0.0019591571277693676,0.0005569317660929603,0.2044590386641222,0.18804999962449073,0.17164096058485925,0.7727154604986771,0.17451783113425165,0.02677145122779372
2026-08-26,0.1979999989271164,1454800.0,0.18924999982118607,0.18915999978780745,0.23915499977767468,73.80951282794521,0.0022373412195014764,0.0008930136567746635,0.20482169152503035,0.18924999982118607,0.17367830811734178,0.7809585262906971,0.16456213176810872,0.026461283618794466
2026-08-27,0.19099999964237213,1812600.0,0.1898499995470047,0.18889999985694886,0.23853999972343445,60.86956662581807,0.0018713904513404656,0.001088689015687824,0.20466513143905363,0.1898499995470047,0.1750348676549558,0.5388116725435502,0.15607197184512878,0.0275253419620662
2026-08-28,0.1889999955892563,635700.0,0.19054999947547913,0.18873999983072282,0.23773499973118306,44.44443524620021,0.00140380601676246,0.001151712415902751,0.20363247924440633,0.19054999947547913,0.17746751970655192,0.4407603178602147,0.13731282923053192,0.027060247165156377
2026-08-31,0.18799999356269836,659700.0,0.19064999893307685,0.18827999979257584,0.23706999965012074,44.44443524620021,0.0009416949047407197,0.001109708913670345,0.20361609758365037,0.19064999893307685,0.17768390028250333,0.39781022642993413,0.13601991841736083,0.02331678468021029
2026-09-01,0.1899999976158142,980700.0,0.19099999889731406,0.18801999986171722,0.23647999964654445,47.36841692488798,0.0007284549562002751,0.001033458122176331,0.2034648432332654,0.19099999889731406,0.1785351545613627,0.4598871331824166,0.13052193097291834,0.023061325630997182
2026-09-02,0.1889999955892563,735100.0,0.1915999986231327,0.18785999983549118,0.2358799996972084,38.2353005627814,0.0004733128980320689,0.0009214290773474787,0.20225060983588136,0.1915999986231327,0.18094938741038405,0.37794113492922143,0.11117548318669729,0.02164587754756462
2026-09-03,0.19200000166893005,775500.0,0.19229999855160712,0.18789999991655348,0.23531499966979028,40.00000851494287,0.0005073381192357285,0.0008386108857251287,0.20081276101243606,0.19229999855160712,0.18378723609077818,0.4823795810080753,0.08853627171031295,0.021819211780490122
2026-09-04,0.1899999976158142,550900.0,0.19274999871850013,0.1879799997806549,0.23479499965906142,46.66666335530093,0.00036866994221809724,0.0007446226970237225,0.19952096999444624,0.19274999871850013,0.185979027442554,0.29692713271024346,0.07025651176096466,0.021826819102977416
2026-09-08,0.1860000044107437,616500.0,0.19239999875426292,0.18780000001192093,0.23428999967873096,41.17648090045023,-6.326236031950483e-05,0.0005830456855550771,0.19981007252721958,0.19239999875426292,0.18498992498130626,0.06815582815948319,0.07702779439641216,0.016513809395815728
2026-09-09,0.17900000512599945,1013900.0,0.1917499989271164,0.1872800001502037,0.23373499974608422,35.89745255224287,-0.0009593544222266104,0.0002745656639987396,0.20128407636003445,0.1917499989271164,0.18221592149419832,-0.1686537785551941,0.09944278994798784,0.018363202303097795
2026-09-10,0.18199999630451202,679600.0,0.1912499986588955,0.18698000013828278,0.2333449997752905,39.02438847101034,-0.0014111725029593847,-6.258196939288525e-05,0.20173074339723696,0.1912499986588955,0.18076925392055404,0.05871445277431422,0.10960256012377204,0.018898146337966035
2026-09-11,0.18000000715255737,883600.0,0.19039999917149544,0.18660000026226042,0.2328549998253584,30.769251342823708,-0.0019086225839975712,-0.0004317900923138225,0.20164669127330798,0.19039999917149544,0.1791533070696829,0.03764218292852561,0.11813752259192511,0.01773274332331102
2026-09-14,0.1809999942779541,926100.0,0.18949999883770943,0.1863400000333786,0.23234999977052212,27.027011788434038,-0.0021968409385229593,-0.0007848002615556499,0.20072983170629882,0.18949999883770943,0.17827016596912004,0.12154358576740601,0.11852066424767403,0.017563849380033403
2026-09-15,0.17900000512599945,833500.0,0.1888499990105629,0.18614000022411348,0.23174499973654747,26.31578328206153,-0.002557161109449202,-0.0011392724311343602,0.20094234807516426,0.1888499990105629,0.17675764994596155,0.09271793131584669,0.12806300373795604,0.0161212265943284
2026-09-16,0.1599999964237213,2874200.0,0.18724999874830245,0.1858000001311302,0.2310599997639656,16.071413841321203,-0.004325992010391383,-0.0017766163469857647,0.20481652444387224,0.18724999874830245,0.16968347305273265,-0.2756229887693009,0.18762644393052685,0.028027274839762143
2026-09-17,0.1720000058412552,17851900.0,0.1863499991595745,0.1857200002670288,0.23036999978125094,34.42623191096433,-0.004705263423572553,-0.0023623457623031226,0.20512606580413398,0.1863499991595745,0.16757393251501504,0.1178647639579678,0.20151399763067582,0.03368579169985754
2026-09-18,0.20000000298023224,2397600.0,0.18679999932646751,0.1861200001835823,0.2297699998319149,56.32184459284711,-0.002715174150179883,-0.0024329114398784746,0.20645608621196185,0.18679999932646751,0.16714391244097318,0.8357739444951776,0.2104506098112098,0.050357693135641854
2026-09-21,0.19599999487400055,2425900.0,0.1868499994277954,0.18643999993801116,0.22919499985873698,54.44444573219928,-0.0014441342077034791,-0.0022351559934434754,0.20659878137272136,0.1868499994277954,0.16710121748286944,0.7316597416418396,0.21138648119244444,0.05044194027445075
2026-09-22,0.19200000166893005,1376300.0,0.1865499995648861,0.18682000011205674,0.22850499980151653,51.08695898648756,-0.0007509356000970357,-0.0019383119147741877,0.205760568916535,0.1865499995648861,0.16733943021323722,0.6418490520577976,0.20595625190518468,0.05055515883491928
2026-09-23,0.19699999690055847,2995600.0,0.1865499995648861,0.18717999994754791,0.2277549997717142,54.16666860692261,0.00019958641123557497,-0.0015107322495722351,0.205760568916535,0.1865499995648861,0.16733943021323722,0.771985622715951,0.20595625190518468,0.05088071076830002
2026-09-24,0.19499999284744263,160294100.0,0.1863999992609024,0.1872599998116493,0.2269999998062849,51.57894324067423,0.0007824784168888044,-0.0010520901162800274,0.20527810286565348,0.1863999992609024,0.1675218956561513,0.7277769464189151,0.20255476051078283,0.05093330295554463
2026-09-25,0.18799999356269836,6442800.0,0.1862499989569187,0.1873599997162819,0.22626499973237515,48.999997615813356,0.0006718385533966142,-0.0007073043823446992,0.2050215802551329,0.1862499989569187,0.16747841765870453,0.546612871286079,0.20157402849227635,0.05095355108096787
2026-09-28,0.18299999833106995,4905800.0,0.1859499990940094,0.1873199996352196,0.22537499971687794,48.51484797933548,0.00017863860137515286,-0.0005301157856007288,0.20472830841936832,0.1859499990940094,0.16717168976865046,0.42145190730893833,0.20197159899812975,0.05126116199680682
2026-09-29,0.19099999964237213,5081200.0,0.1860999993979931,0.18739999949932098,0.22453999966382981,55.88235208182435,0.0004283693577998293,-0.0003384187569206172,0.20499482356648766,0.1860999993979931,0.16720517522949854,0.6296651453510044,0.20306098043650309,0.05217873612719844
2026-09-30,0.20100000500679016,3556500.0,0.18664999976754187,0.18753999948501587,0.2237499997019768,58.71560172334008,0.0014168668814160679,1.263837074671982e-05,0.20663193097179772,0.18664999976754187,0.16666806856328603,0.8590745332010741,0.21411123738700016,0.053361068130650766
2026-10-01,0.20100000500679016,1469800.0,0.1872500002384186,0.1873199996352196,0.22310499966144562,59.813083721691974,0.002175184122067908,0.0004451475210109575,0.2082250161447005,0.1872500002384186,0.1662749843321367,0.8277710212427902,0.22403221233191106,0.05332530127084912
2026-10-02,0.18799999356269836,2234700.0,0.187049999833107,0.18741999953985214,0.2225299996137619,52.941175734001035,0.0017074809433112459,0.0006976142054710152,0.20791027995151723,0.187049999833107,0.16618971971469676,0.5227703972381692,0.22304496270540022,0.05541314071475625
2026-10-05,0.17800000309944153,2347800.0,0.18645000010728835,0.18745999962091445,0.2219499996304512,49.606298473499464,0.000523868319657339,0.00066286502830828,0.2076407059746782,0.18645000010728835,0.1652592942398985,0.30062020914436766,0.2273071156363224,0.05666236554939842
2026-10-06,0.18199999630451202,1503500.0,0.18624999970197678,0.18749999940395357,0.2214199996739626,59.82142821505515,-9.034574028990439e-05,0.000512222874588643,0.20753388837755873,0.18624999970197678,0.16496611102639483,0.4001591423859354,0.22855182506994715,0.05671894432453411
